{
    "metadata":{
        "version":3,
        "normals":216,
        "uvs":0,
        "vertices":173,
        "generator":"io_three",
        "type":"Geometry",
        "faces":217
    },
    "normals":[-0.888617,0.00696,0.458597,-0.054308,-0.022113,-0.998279,-0.176921,0.106727,-0.978421,-0.0651,-0.078154,-0.994814,0.002303,0.017739,-0.99984,0.97445,0.060986,0.216167,0.071961,-0.003326,0.997402,0.152904,0.020349,0.988032,0.087411,0.000675,0.996172,0.126233,-0.020807,0.991782,0.019208,0.013411,0.999726,0.125817,-0.096625,0.987337,0.173741,-0.886708,0.428441,0.15785,0.906445,0.391714,-0.818805,-0.0488,0.571993,0.984042,-0.005302,0.177857,-0.048083,-0.03392,-0.998267,-0.12475,0.033716,-0.991615,-0.037571,-0.010899,-0.999234,-0.031549,-0.005988,-0.999484,0.116718,-0.005864,0.993148,-0.053056,0.943693,0.326539,-0.031949,-0.866721,0.497769,-0.999913,0,0.013161,-0.013158,0,-0.999913,-0.013158,-0,-0.999913,-0.013158,0,-0.999913,-0.013158,-0,-0.999913,-0.013158,0,-0.999913,-0.013158,-0,-0.999913,0.999913,-1e-06,-0.013158,0.013158,-0,0.999913,0.013158,0,0.999913,0.013158,0,0.999913,0.013158,0,0.999913,0.013158,-0,0.999913,0.013159,0,0.999913,-0,-1,0,0,1,0,0.999913,0,-0.013158,0.999913,1e-06,-0.01316,0,1,-0,-0,-1,0,-0.997572,0.002116,0.069604,0.017274,0.202414,-0.979148,-0.069604,-0,-0.997575,-0.069604,-0,-0.997575,-0.069604,-0,-0.997575,-0.996789,-0.03967,0.06955,0.083707,0,0.99649,0.064456,-0.001496,0.997919,0.084364,0.019436,0.996245,0.069604,0,0.997575,0.157071,0.002672,0.987584,0.095146,0.062886,0.993475,-0.090472,-0.995879,0.006313,0,1,-0,0.997575,1e-06,-0.069605,-0.069604,-0,-0.997575,0.069604,0,0.997575,-0,-1,0,-0.06957,-0.031434,-0.997082,0.06957,-0.031434,0.997082,0.996789,-0.03967,-0.06955,-0.997088,0.001743,0.07624,0.994035,0.015583,0.107937,-0.069604,0,-0.997575,0.204201,-0,-0.978929,-0.069604,0,-0.997575,-0.013321,0.066168,-0.99772,0.0689,0.003728,0.997617,0.062559,0.998041,-0.000413,0.064464,-0.959105,0.275611,-0.928584,-0.010377,0.370978,-0.005311,-0.009114,-0.999944,0,-0,-1,0,0,-1,-0,-0,-1,0.977941,-0,0.208881,-0,0,1,-0,0,1,0.00622,0.005255,0.999967,0,0,1,0.026738,-0.000213,0.999642,0.00617,0.014236,0.99988,-0.049424,-0.873034,0.485148,-0.069169,0.915343,0.396691,-0.96055,-0,0.278106,0.999968,-0.00795,0,0.999973,-0.007298,-1e-06,0.999878,0,-0.015602,-0,0,-1,-0.01809,0.000132,-0.999836,0,0,-1,-0.003898,-0.004426,-0.999983,0,0,1,0,-0,1,0,-0,1,0.088429,0.996,-0.012802,0.041346,-0.999127,-0.005985,-0.999913,-1e-06,0.013159,-0.013159,-0,-0.999913,0.999913,1e-06,-0.013161,0.013158,0,0.999913,0,-1,-0,0,1,-0,-0.988081,-0.070788,0.13669,0.081019,0.184453,-0.979496,0,-0,-1,-0,-0,-1,0,-0,-1,-0.999596,-0.028414,-0,-0,0,1,-1e-06,0,1,-0.059794,-0.06855,0.995854,-0.070252,-0.020365,0.997321,-0.015778,-0.075975,0.996985,-0.074497,-0.031047,0.996738,-0.066316,-0.997784,0.005488,0,1,-0,1,0,1e-06,0,-0,-1,0,0,1,-0,-1,0,2e-06,1,0,-0,-0.022512,-0.999747,-0,-0.022512,0.999747,0.999596,-0.028414,1e-06,-1,0,1e-06,0.87258,0.009112,0.488386,-0,0,-1,0.237795,-0,-0.971316,-0,-0,-1,0.040001,0.066926,-0.996956,0,0,1,0.043503,0.999009,0.009395,0.040822,-0.997581,0.05626,-1,0,0,-0,0,-1,0,0,-1,-0,-0,-1,-0,-0,-1,-0,0,-1,0,-0,-1,1,0,-0,0,0,1,0,0,1,-0,0,1,-0,0,1,-0,-0,1,0,0,1,-0,-1,0,0,1,0,1,-0,0,1,-1e-06,0,0,1,0,-0,-1,-0,-0.92148,-0,0.388425,0.007969,-0,-0.999968,0.007969,-0,-0.999968,0.007969,-0,-0.999968,0.007969,-0,-0.999968,0.982922,0,0.184025,-0.007969,0,0.999968,-0.007969,0,0.999968,-0.007969,0,0.999968,-0.007969,0,0.999968,-0.007969,0,0.999968,-0.007969,0,0.999968,-0.138255,-0.927037,0.34855,-0.096519,0.934483,0.342674,-0.973655,0,0.228027,0.99993,-0.008757,0.007968,0.007969,-0,-0.999968,0.007969,-0,-0.999968,0.007969,-0,-0.999968,0.007969,-0,-0.999968,-0.007969,0,0.999968,0.073857,0.997234,-0.008363,0.034499,-0.999397,-0.003906,-0.934602,-0.354385,-0.030508,0.040406,-0,-0.999183,0.040406,-0,-0.999183,-0.066412,-0.038107,0.997064,-0.999682,-0,-0.025231,-0.033945,0.058759,0.997695,-0.087012,-0.003189,0.996202,0.040406,-0,-0.999183,0.999183,-0,0.040406,-0.999183,1e-06,-0.040406,-0.0289,-0.019557,0.999391,0.029304,-0.99957,0.001185,0,1,-0,0.040406,-0,-0.999183,-0.040405,0,0.999183,0.885495,-0.463268,0.035808,-0.040406,0,0.999183,0.040406,-0,-0.999183,-0.040406,0,0.999183,0.999183,1e-06,0.040406,0,1,-0,-0.040406,0,0.999183,0.040406,0,-0.999183,0.999183,-1e-06,0.040406,-0.999183,0,-0.040406,-0,-1,0,0.040406,0,-0.999183,-0,1,0,-1e-06,1,0,0.040406,0,-0.999183,-0.02754,0.063394,0.997608,-0.887328,0.460522,0.023844,0.999183,-1e-06,0.040406,0.009234,0.999957,0.000373,0.040406,-0,-0.999183,0.009234,-0.999957,0.000373],
    "uvs":[],