{
    "metadata":{
        "version":3,
        "normals":205,
        "uvs":0,
        "vertices":175,
        "generator":"io_three",
        "type":"Geometry",
        "faces":223
    },
    "normals":[-0.888617,0.00696,0.458598,-0.053967,-0.024077,-0.998252,-0.154297,0.080982,-0.9847,-0.060239,-0.059364,-0.996417,-0.010514,0.016969,-0.999801,0.985196,0.062463,0.159646,0.144197,0.002,0.989547,0.21719,0.023696,0.975842,0.087411,0.000675,0.996172,0.048857,-0.229806,0.972009,0.019208,0.013411,0.999726,0.049762,-0.018045,0.998598,0.161619,-0.910088,0.381601,0.146052,0.92628,0.347382,-0.918798,-0.035593,0.39312,0.9878,-0.009938,0.155411,-0.047095,-0.026821,-0.99853,-0.131256,0.037479,-0.99064,-0.044705,-0.021467,-0.99877,-0.026119,-0.005999,-0.999641,0.037478,0.02727,0.998925,-0.068262,0.972439,0.22294,-0.072265,-0.906028,0.417003,-1,0,2e-06,0,0,-1,0,0,-1,0,-0,-1,-0,-0,-1,0,-0,-1,-0,-0,-1,1,-0,-2e-06,0,0,1,-0,0,1,-0,0,1,0,0,1,-0,-0,1,0,0,1,0,-1,-0,0,1,0,1,0,2e-06,1,0,0,-0,-1,0,-0.999998,0.002116,0,0.271842,1e-06,-0.962342,0,-0,-1,0.017233,0.270993,-0.962427,0,-0,-1,0.0703,0.020379,-0.997318,-0.999213,-0.039669,2e-06,-1e-06,0,1,-1e-06,0,1,-0.050467,-0.0662,0.996529,0.010444,0.003028,0.999941,-0.325523,0.000518,0.945534,-0.087935,-0.236368,0.967676,-0.090692,-0.995879,0,1,-0,-4e-06,0,-0,-1,0,0,1,-0,-0.031434,-0.999506,-0,-0.031434,0.999506,0.999213,-0.039669,-3e-06,-1,-0,-4e-06,0.992223,0.031471,0.120429,0.972852,0,0.23143,0.972851,-0,0.231431,0,0,-1,0.271843,-0,-0.962342,-0,-0,-1,0.056157,0.066168,-0.996227,0,0,1,0.062456,0.99804,0.003865,0.012222,-0.988754,0.149051,-0.929131,0.001776,0.369748,0,0,-1,0,-0,-1,-0,-0,-1,0,-0,-1,0.977942,0,0.208878,-0,0,1,-0,0,1,-0,0,1,0,0,1,0,-0,1,0,0,1,-0.041631,-0.873636,0.484795,-0.069169,0.915343,0.396691,-0.96055,0,0.278106,0.999968,-0.007948,-3e-06,0.999973,-0.007299,3e-06,0.999878,-0,-0.0156,0,-0,-1,0,-0,-1,-0,-0,-1,0,-0,-1,1e-06,1e-06,1,0,-0,1,0,-0,1,0.088429,0.996,-0.012801,0.041346,-0.999127,-0.005985,-1,0,0,0,-0,-1,-0,0,1,-0.988081,-0.070788,0.136691,0.237795,-0,-0.971316,0,-0,-1,0.012055,0.260556,-0.965383,0,-0,-1,0.071615,0.020761,-0.997216,-0.999596,-0.028414,-1e-06,-1e-06,0,1,-1e-06,0,1,-0.059794,-0.06855,0.995854,-0.070252,-0.020365,0.997321,-0.015778,-0.075975,0.996985,-0.074497,-0.031047,0.996738,-0.066316,-0.997784,0.005488,1,0,2e-06,0,-0,-1,0,0,1,0,1,0,0,-0.022512,-0.999747,0,-0.022512,0.999747,0.999596,-0.028414,2e-06,-1,-0,0,0.890458,0.021663,0.454551,0.858728,0,0.512432,0.858728,0,0.512431,0,0,-1,0.237795,-0,-0.971315,-0,0,-1,0.040001,0.066926,-0.996956,0,0,1,0.043502,0.999009,0.009395,0.040822,-0.997581,0.05626,-0,-0,-1,0,0,-1,-0,0,-1,-0,-0,-1,-0,-0,-1,-0,-0,-1,1,0,3e-06,0,0,1,0,-0,1,-0,0,1,-0,0,1,0,0,1,-0,0,1,0,-1,0,-0.92148,0,0.388426,0.007969,0,-0.999968,0.007969,-0,-0.999968,0.007969,-0,-0.999968,0.007969,-0,-0.999968,0.982922,0,0.184025,-0.007969,0,0.999968,-0.007969,0,0.999968,-0.007969,0,0.999968,-0.007969,0,0.999968,-0.007969,0,0.999968,-0.007969,-0,0.999968,-0.138255,-0.927037,0.34855,-0.096519,0.934483,0.342675,-0.973655,0,0.228027,0.99993,-0.008757,0.007969,0.007969,0,-0.999968,0.007969,-0,-0.999968,0.007969,-0,-0.999968,0.007969,-0,-0.999968,-0.007969,-0,0.999968,0.073856,0.997234,-0.008363,0.034499,-0.999397,-0.003906,-0.934602,-0.354385,-0.030507,0.040406,-0,-0.999183,0.040406,-0,-0.999183,-0.066413,-0.038107,0.997064,-0.999682,-0,-0.025228,-0.033945,0.058759,0.997695,-0.087012,-0.003189,0.996202,0.040406,-0,-0.999183,0.999183,-0,0.040406,-0.999183,-0,-0.040405,-0.0289,-0.019557,0.999391,0.029305,-0.99957,0.001185,0.040406,-0,-0.999183,-0.040406,0,0.999183,0.885495,-0.463267,0.035808,-0.040406,0,0.999183,0.040406,-0,-0.999183,-0.040406,0,0.999183,0.999183,0,0.040405,-0.040406,0,0.999183,0.040406,-0,-0.999183,0.999183,0,0.040405,-0.999183,-0,-0.040405,0,-1,0,0.040406,-0,-0.999183,-0,1,0,0.040406,-0,-0.999183,-0.02754,0.063394,0.997609,-0.887329,0.460521,0.023845,0.999183,0,0.040405,0.009234,0.999957,0.000373,0.040406,-0,-0.999183,0.009234,-0.999957,0.000373],
    "uvs":[],